50006;50;ACACIAS
20011;20;AGUACHICA
44035;44;ALBANIA
5034;5;ANDES
17042;17;ANSERMA
5045;5;APARTADO
13052;13;ARJONA
63001;63;ARMENIA
8078;8;BARANOA
5079;5;BARBOSA
8001;8001;BARRANQUILLA
5088;5;BELLO
11001;11;BOGOTA
68101;68;BOLIVAR - Santander
76100;76;BOLIVAR - Valle del Cauca
68001;68;BUCARAMANGA
76113;76;BUGALAGRANDE
25126;25;CAJICA
5129;5;CALDAS
76001;76001;CALI
76130;76;CANDELARIA
5138;5;CANASGORDAS
25151;25;CAQUEZA
5148;5;CARMEN DE VIBORAL
13001;13001;CARTAGENA
76147;76;CARTAGO
25175;25;CHIA
5209;5;CONCORDIA
5212;5;COPACABANA
73217;73;COYAIMA
54001;54;CUCUTA
76233;76;DAGUA
66170;66;DOSQUEBRADAS
15238;15;DUITAMA
5250;5;EL BAGRE
76248;76;EL CERRITO
5266;5;ENVIGADO
25269;25;FACATATIVA
18001;18;FLORENCIA
76275;76;FLORIDA
68276;68;FLORIDABLANCA
25286;25;FUNZA
25290;25;FUSAGASUGA
41306;41;GIGANTE
76306;76;GINEBRA
25307;25;GIRARDOT
5308;5;GIRARDOTA
68307;68;GIRON
25322;25;GUASCA
73001;73;IBAGUE
5360;5;ITAGUI
76364;76;JAMUNDI
41378;41;LA ARGENTINA
5376;5;LA CEJA
5380;5;LA ESTRELLA
25386;25;LA MESA
5390;5;LA PINTADA
41396;41;LA PLATA
66400;66;LA VIRGINIA
54405;54;LOS PATIOS
25430;25;MADRID
44430;44;MAICAO
8433;8;MALAMBO
17001;17;MANIZALES
17433;17;MANZANARES
5001;5;MEDELLIN
86001;86;MOCOA
5467;5;MONTEBELLO
23001;23;MONTERIA
25473;25;MOSQUERA
5490;5;NECOCLI
41001;41;NEIVA
8520;8;PALMAR DE VARELA
76520;76;PALMIRA
52001;52;PASTO
66001;66;PEREIRA
68547;68;PIEDECUESTA
19001;19;POPAYAN
88564;88;PROVIDENCIA
68572;68;PUENTE NACIONAL
5579;5;PUERTO BERRIO
8573;8;PUERTO COLOMBIA
50573;50;PUERTO LOPEZ
44001;44;RIOHACHA
5615;5;RIONEGRO
8638;8;SABANALARGA
5631;5;SABANETA
88001;88;SAN ANDRES
5649;5;SAN CARLOS
13647;13;SAN ESTANISLAO
68679;68;SAN GIL
95001;95;SAN JOSE DEL GUAVIARE
13657;13;SAN JUAN NEPOMUCENO
47001;47001;SANTA MARTA
66682;66;SANTA ROSA DE CABAL
5686;5;SANTA ROSA DE OSOS
25718;25;SASAIMA
70001;70;SINCELEJO
25754;25;SOACHA
68755;68;SOCORRO
8758;8;SOLEDAD
25758;25;SOPO
68770;68;SUAITA
25769;25;SUBACHOQUE
25785;25;TABIO
70820;70;TOLU
76834;76;TULUA
15001;15;TUNJA
13836;13;TURBACO
5837;5;TURBO
25841;25;UBAQUE
25851;25;UTICA
20001;20;VALLEDUPAR
68861;68;VELEZ
73861;73;VENADILLO
15407;15;VILLA DE LEYVA
17873;17;VILLAMARIA
50001;50;VILLAVICENCIO
25875;25;VILLETA
5887;5;YARUMAL
85001;85;YOPAL
76892;76;YUMBO
68895;68;ZAPATOCA
25899;25;ZIPAQUIRA
